{
  "name": "tocible",
  "title": "jQuery Tocible",
  "description": "A lightweight jQuery plugin for creating table of contents navigation menu.",
  "keywords": [
  	"menu",
	"navigation",
	"contents"
  ],
  "version": "1.1.1",
  "author": {
    "name": "Mark Serbol",
    "url": "https://github.com/markserbol"
  },
  "maintainers": [
    {
      "name": "Mark Serbol",
      "url": "https://github.com/markserbol"
    }
  ],
  "licenses": [
    {
      "type": "MIT",
      "url": "http://www.opensource.org/licenses/MIT"
    }
  ],
  "bugs": "https://github.com/markserbol/tocible/issues",
  "homepage": "https://github.com/markserbol/tocible",
  "docs": "https://github.com/markserbol/tocible",
  "demo": "http://markserbol.github.io/tocible/",
  "download": "https://github.com/markserbol/tocible/archive/master.zip",
  "dependencies": {
    "jquery": ">=1.6"
  }
}